{
  "name": "Item",
  "plural": "Items",
  "base": "PersistedModel",
  "idInjection": false,
  "options": {
    "validateUpsert": true
  },
  "properties": {
    "Client_ID": {
      "type": "string"
    },
    "Account_Number":{
      "type":"string"  
    },
    "Client_Name": {
      "type": "string"
    },
    "Plan_Details":{
       "type":[{
           "Client_ID":"string",
           "Plan_ID":"string",
           "Plan_Name":"string"
       }]
    },
    "BenefitDetails":{
       "type":[{
           "Plan_ID":"string",
           "Benefit_ID":"string",
           "Benefit_Name":"string"
       }]
    },
    "Treatment_title":{
        "type":"string"
    }
  },
  "hidden": [],
  "validations": [],
  "relations": {},
  "acls": [],
  "methods": {}
 
}
